www.dsp.m-connector.com,i-072cf045,eu-west-1
www.tuynder.m-connector.com,i-fc8c7bbc,eu-west-1
www.oobe-cfa.m-connector.com,i-1bf770d1,us-west-1
www.mambaby.m-connector.com,i-2289227c,us-west-1
www.continental.m-connector.com,i-3c0e90f6,us-west-1
www.ecomwise.m-connector.com,i-4e3b6111,us-west-1
Malibu,i-5052cc0d,us-west-1
www.tacori.m-connector.com,i-5b205f98,us-west-1
www.plh.m-connector.com,i-63d5c33c,us-west-1
www.forshaw.m-connector.com,i-6b601935,us-west-1
www.craft.m-connector.com,i-7dd24ab7,us-west-1
www.sb.m-connector.com,i-7eac0220,us-west-1
www.bdslaundry.m-connector.com,i-98a9ebc6,us-west-1
www.mwa.m-connector.com,i-ad088df3,us-west-1
www.solrepublic.m-connector.com,i-be60cae0,us-west-1
www.oobe.m-connector.com,i-cfbfad90,us-west-1
www.lippert.m-connector.com,i-ddec4783,us-west-1
www.pubco.m-connector.com,i-ee5c3e24,us-west-1
www.volutone.m-connector.com,i-fdcd8b3e,us-west-1
